open_time_ms,open,high,low,close,volume
1770000000000,100.0,100.24953427,99.88,100.12953427,100
1770000060000,100.12953427,100.37629642,100.00953427,100.25629642,101
1770000120000,100.25629642,100.49762487,100.13629642,100.37762487,102
1770000180000,100.37762487,100.61107463,100.25762487,100.49107463,103
1770000240000,100.49107463,100.71451484,100.37107463,100.59451484,104
1770000300000,100.59451484,100.80621368,100.47451484,100.68621368,105
1770000360000,100.68621368,100.88490741,100.56621368,100.76490741,106
1770000420000,100.76490741,100.94985076,100.64490741,100.82985076,107
1770000480000,100.82985076,101.00084667,100.70985076,100.88084667,108
1770000540000,100.88084667,101.0382541,100.76084667,100.9182541,109
1770000600000,100.9182541,101.06297374,100.7982541,100.94297374,110
1770000660000,100.94297374,101.07641211,100.82297374,100.95641211,111
1770000720000,100.95641211,101.08042548,100.83641211,100.96042548,112
1770000780000,100.96042548,101.08042548,100.83724585,100.95724585,113
1770000840000,100.95724585,101.07724585,100.829392,100.949392,114
1770000900000,100.949392,101.069392,100.81956905,100.93956905,115
1770000960000,100.93956905,101.05956905,100.81056061,100.93056061,116
1770001020000,100.93056061,101.05056061,100.80511784,100.92511784,100
1770001080000,100.92511784,101.04584974,100.80511784,100.92584974,101
1770001140000,100.92584974,101.05511913,100.80584974,100.93511913,102
1770001200000,100.93511913,101.07494848,100.81511913,100.95494848,103
1770001260000,100.95494848,101.10693927,100.83494848,100.98693927,104
1770001320000,100.98693927,101.15220815,100.86693927,101.03220815,105
1770001380000,101.03220815,101.21134239,100.91220815,101.09134239,106
1770001440000,101.09134239,101.2843765,100.97134239,101.1643765,107
1770001500000,101.1643765,101.37079087,101.0443765,101.25079087,108
1770001560000,101.25079087,101.46953243,101.13079087,101.34953243,109
1770001620000,101.34953243,101.57905668,101.22953243,101.45905668,110
1770001680000,101.45905668,101.69738924,101.33905668,101.57738924,111
1770001740000,101.57738924,101.82220458,101.45738924,101.70220458,112
1770001800000,101.70220458,101.95091871,101.58220458,101.83091871,113
1770001860000,101.83091871,102.08079222,101.71091871,101.96079222,114
1770001920000,101.96079222,102.20903948,101.84079222,102.08903948,115
1770001980000,102.08903948,102.33293967,101.96903948,102.21293967,116
1770002040000,102.21293967,102.44994531,102.09293967,102.32994531,100
1770002100000,102.32994531,102.55778375,102.20994531,102.43778375,101
1770002160000,102.43778375,102.65454783,102.31778375,102.53454783,102
1770002220000,102.53454783,102.73877189,102.41454783,102.61877189,103
1770002280000,102.61877189,102.80949017,102.49877189,102.68949017,104
1770002340000,102.68949017,102.86627539,102.56949017,102.74627539,105
1770002400000,102.74627539,102.90925569,102.62627539,102.78925569,106
1770002460000,102.78925569,102.93910962,102.66925569,102.81910962,107
1770002520000,102.81910962,102.95703898,102.69910962,102.83703898,108
1770002580000,102.83703898,102.96472102,102.71703898,102.84472102,109
1770002640000,102.84472102,102.96472102,102.72424147,102.84424147,110
1770002700000,102.84424147,102.96424147,102.71801147,102.83801147,111
1770002760000,102.83801147,102.95801147,102.7086714,102.8286714,112
1770002820000,102.8286714,102.9486714,102.69898563,102.81898563,113
1770002880000,102.81898563,102.93898563,102.6917323,102.8117323,114
1770002940000,102.8117323,102.9317323,102.68959261,102.80959261,115
1770003000000,102.80959261,102.93504386,102.68959261,102.81504386,116
1770003060000,102.81504386,102.95026074,102.69504386,102.83026074,100
1770003120000,102.83026074,102.9770286,102.71026074,102.8570286,101
1770003180000,102.8570286,103.01667232,102.7370286,102.89667232,102
1770003240000,102.89667232,103.07000343,102.77667232,102.95000343,103
1770003300000,102.95000343,103.13728779,102.83000343,103.01728779,104
1770003360000,103.01728779,103.21823502,102.89728779,103.09823502,105
1770003420000,103.09823502,103.31200999,102.97823502,103.19200999,106
1770003480000,103.19200999,103.41726622,103.07200999,103.29726622,107
1770003540000,103.29726622,103.53219948,103.17726622,103.41219948,108
1770003600000,103.41219948,103.65461975,103.29219948,103.53461975,109
1770003660000,103.53461975,103.78203854,103.41461975,103.66203854,110
1770003720000,103.66203854,103.91176807,103.54203854,103.79176807,111
1770003780000,103.79176807,104.04102844,103.67176807,103.92102844,112
1770003840000,103.92102844,104.16705846,103.80102844,104.04705846,113
1770003900000,104.04705846,104.28722573,103.92705846,104.16722573,114
1770003960000,104.16722573,104.39913156,104.04722573,104.27913156,115
1770004020000,104.27913156,104.50070664,104.15913156,104.38070664,116
1770004080000,104.38070664,104.59029348,104.26070664,104.47029348,100
1770004140000,104.47029348,104.66671257,104.35029348,104.54671257,101
1770004200000,104.54671257,104.72930933,104.42671257,104.60930933,102
1770004260000,104.60930933,104.77798022,104.48930933,104.65798022,103
1770004320000,104.65798022,104.81317691,104.53798022,104.69317691,104
1770004380000,104.69317691,104.83588822,104.57317691,104.71588822,105
1770004440000,104.71588822,104.84760074,104.59588822,104.72760074,106
1770004500000,104.72760074,104.85023954,104.60760074,104.73023954,107
1770004560000,104.73023954,104.85023954,104.60609142,104.72609142,108
1770004620000,104.72609142,104.84609142,104.59771378,104.71771378,109
1770004680000,104.71771378,104.83771378,104.5878326,104.7078326,110
1770004740000,104.7078326,104.8278326,104.57923384,104.69923384,111
1770004800000,104.69923384,104.81923384,104.5746523,104.6946523,112
1770004860000,104.6946523,104.81666266,104.5746523,104.69666266,113
1770004920000,104.69666266,104.82757677,104.57666266,104.70757677,114
1770004980000,104.70757677,104.84935154,104.58757677,104.72935154,115
1770005040000,104.72935154,104.88351088,104.60935154,104.76351088,116
1770005100000,104.76351088,104.93108498,104.64351088,104.81108498,100
1770005160000,104.81108498,104.99256922,104.69108498,104.87256922,101
1770005220000,104.87256922,105.06790443,104.75256922,104.94790443,102
1770005280000,104.94790443,105.15647924,104.82790443,105.03647924,103
1770005340000,105.03647924,105.25715446,104.91647924,105.13715446,104
1770005400000,105.13715446,105.36830851,105.01715446,105.24830851,105
1770005460000,105.24830851,105.48790203,105.12830851,105.36790203,106
1770005520000,105.36790203,105.61355922,105.24790203,105.49355922,107
1770005580000,105.49355922,105.74266253,105.37355922,105.62266253,108
1770005640000,105.62266253,105.87245702,105.50266253,105.75245702,109
1770005700000,105.75245702,106.00016023,105.63245702,105.88016023,110
1770005760000,105.88016023,106.12307302,105.76016023,106.00307302,111
1770005820000,106.00307302,106.23868727,105.88307302,106.11868727,112
1770005880000,106.11868727,106.34478581,105.99868727,106.22478581,113
1770005940000,106.22478581,106.43953084,106.10478581,106.31953084,114
1770006000000,106.31953084,106.52153718,106.19953084,106.40153718,115
1770006060000,106.40153718,106.58992752,106.28153718,106.46992752,116
1770006120000,106.46992752,106.64436734,106.34992752,106.52436734,100
1770006180000,106.52436734,106.68507833,106.40436734,106.56507833,101
1770006240000,106.56507833,106.71282947,106.44507833,106.59282947,102
1770006300000,106.59282947,106.72890643,106.47282947,106.60890643,103
1770006360000,106.60890643,106.73506027,106.48890643,106.61506027,104
1770006420000,106.61506027,106.73506027,106.49343767,106.61343767,105
1770006480000,106.61343767,106.73343767,106.48649534,106.60649534,106
1770006540000,106.60649534,106.72649534,106.47690204,106.59690204,107
1770006600000,106.59690204,106.71690204,106.46743225,106.58743225,108
1770006660000,106.58743225,106.70743225,106.46085551,106.58085551,109
1770006720000,106.58085551,106.70085551,106.45982602,106.57982602,110
1770006780000,106.57982602,106.70677684,106.45982602,106.58677684,111
1770006840000,106.58677684,106.72382286,106.46677684,106.60382286,112
1770006900000,106.60382286,106.75267653,106.48382286,106.63267653,113
1770006960000,106.63267653,106.79457955,106.51267653,106.67457955,114
1770007020000,106.67457955,106.8502534,106.55457955,106.7302534,115
1770007080000,106.7302534,106.91987054,106.6102534,106.79987054,116
1770007140000,106.79987054,107.00304757,106.67987054,106.88304757,100
1770007200000,106.88304757,107.0988605,106.76304757,106.9788605,101
1770007260000,106.9788605,107.20588156,106.8588605,107.08588156,102
1770007320000,107.08588156,107.32223619,106.96588156,107.20223619,103
1770007380000,107.20223619,107.44567771,107.08223619,107.32567771,104
1770007440000,107.32567771,107.57367689,107.20567771,107.45367689,105
1770007500000,107.45367689,107.70352283,107.33367689,107.58352283,106
1770007560000,107.58352283,107.83243098,107.46352283,107.71243098,107
1770007620000,107.71243098,107.95765421,107.59243098,107.83765421,108
1770007680000,107.83765421,108.07659226,107.71765421,107.95659226,109
1770007740000,107.95659226,108.18689546,107.83659226,108.06689546,110
1770007800000,108.06689546,108.28655838,107.94689546,108.16655838,111
1770007860000,108.16655838,108.37399978,108.04655838,108.25399978,112
1770007920000,108.25399978,108.44812567,108.13399978,108.32812567,113
1770007980000,108.32812567,108.50837289,108.20812567,108.38837289,114
1770008040000,108.38837289,108.55473157,108.26837289,108.43473157,115
1770008100000,108.43473157,108.58774557,108.31473157,108.46774557,116
1770008160000,108.46774557,108.60849072,108.34774557,108.48849072,100
1770008220000,108.48849072,108.618532,108.36849072,108.498532,101
1770008280000,108.498532,108.61986109,108.378532,108.49986109,102
1770008340000,108.49986109,108.61986109,108.37481703,108.49481703,103
1770008400000,108.49481703,108.61481703,108.36599291,108.48599291,104
1770008460000,108.48599291,108.60599291,108.35613253,108.47613253,105
1770008520000,108.47613253,108.59613253,108.34802101,108.46802101,106
1770008580000,108.46802101,108.58802101,108.34437374,108.46437374,107
1770008640000,108.46437374,108.58772814,108.34437374,108.46772814,108
1770008700000,108.46772814,108.60034248,108.34772814,108.48034248,109
1770008760000,108.48034248,108.62410589,108.36034248,108.50410589,110
1770008820000,108.50410589,108.66046299,108.38410589,108.54046299,111
1770008880000,108.54046299,108.71035637,108.42046299,108.59035637,112
1770008940000,108.59035637,108.77418893,108.47035637,108.65418893,113
